variant_position,AA_substitution,pph2_prob,features,lr_prediction,rf_prediction,gt_prediction,dt_prediction
40688640,V117A,0.919,"[0,520,[0,4,38,249,413,496,514,515,517,518,519],[1,1,1,1,1,1,1,1,0.0594,0.811,0.0903]]",0.775822385079757,0.9177599999999997,0.919,0.919
40688642,P118S,0.553,"[0,520,[0,4,155,266,443,497,514,515,517,518,519],[1,1,1,1,1,1,1,1,0.0945,0.878,0.127]]",0.6961778105370539,0.5491133333333338,0.553,0.553
40689424,Y131S,1,"[0,520,[0,4,152,260,389,506,512,515,517,518,519],[1,1,1,1,1,1,1,1,0.00026,0.00018,0.0109]]",0.9954159644429941,1,1,1
40689436,V135G,0.342,"[0,520,[0,4,146,294,374,496,513,516,517,518,519],[1,1,1,1,1,1,1,1,0.11,0.9,0.142]]",0.19881962713951545,0.33068000000000003,0.3420000000000001,0.3420000000000001
40689442,T137M,1,"[0,520,[1,6,137,262,372,502,512,515,517,518,519],[1,1,1,1,1,1,1,1,0.00026,0.00018,0.0109]]",0.9954159644429941,0.9997799999999999,1,1
40689453,S141T,0.974,"[0,520,[3,5,145,302,440,499,512,515,517,518,519],[1,1,1,1,1,1,1,1,0.0438,0.763,0.0722]]",0.9616193285695176,0.9721199999999993,0.9739999999999998,0.9740000000000001
40689487,R152Q,0.195,"[0,520,[0,4,62,327,459,493,513,516,517,518,519],[1,1,1,1,1,1,1,1,0.126,0.916,0.157]]",0.15506035195445556,0.19452000000000014,0.19500000000000006,0.19500000000000006
40689493,I154T,0.993,"[0,520,[0,4,147,306,437,503,512,515,517,518,519],[1,1,1,1,1,1,1,1,0.0301,0.696,0.0553]]",0.971083903161249,0.9931000000000005,0.993,0.993
40689504,A158S,0.973,"[0,520,[2,6,135,225,465,495,512,515,517,518,519],[1,1,1,1,1,1,1,1,0.044,0.765,0.0723]]",0.9497911039287316,0.9694799999999998,0.973,0.973
40689538,S169N,0.004,"[0,520,[0,4,63,280,499,513,516,517,518,519],[1,1,1,1,1,1,1,0.408,0.975,0.328]]",0.061349034855842755,0.0038400000000000027,0.003999999999999997,0.004
40690367,A181D,0.673,"[0,520,[0,4,36,303,422,495,514,515,517,518,519],[1,1,1,1,1,1,1,1,0.085,0.862,0.118]]",0.7461051553501507,0.6654600000000005,0.673,0.673
40690373,G183A,0.982,"[0,520,[2,7,138,325,375,494,512,515,517,518,519],[1,1,1,1,1,1,1,1,0.0393,0.748,0.0664]]",0.9650008878408127,0.9796799999999992,0.9819999999999995,0.9820000000000002
40690394,N190S,0.088,"[0,520,[0,4,114,204,420,504,513,516,517,518,519],[1,1,1,1,1,1,1,1,0.15,0.932,0.179]]",0.14300392519323057,0.08428000000000002,0.088,0.088
40690401,F192L,0.015,"[0,520,[0,4,52,274,460,507,513,516,517,518,519],[1,1,1,1,1,1,1,1,0.209,0.956,0.229]]",0.11560295528135545,0.013400000000000007,0.014999999999999998,0.015
40690418,F198Y,0.661,"[0,520,[0,4,82,319,461,507,514,515,517,518,519],[1,1,1,1,1,1,1,1,0.0864,0.864,0.119]]",0.757533605414393,0.6351200000000004,0.661,0.661
40690429,G202R,0.878,"[0,520,[0,4,45,314,444,494,514,515,517,518,519],[1,1,1,1,1,1,1,1,0.0649,0.825,0.0963]]",0.7699736457543843,0.8742800000000002,0.878,0.878
40690437,M204I,0.031,"[0,520,[2,6,153,284,369,510,513,516,517,518,519],[1,1,1,1,1,1,1,1,0.181,0.947,0.205]]",0.08984454368041705,0.029859999999999994,0.031,0.031
40690456,D211N,0.159,"[0,520,[2,5,60,214,476,501,513,516,517,518,519],[1,1,1,1,1,1,1,1,0.132,0.92,0.163]]",0.15156918880351278,0.15441999999999992,0.159,0.159
40690471,P216S,0,"[0,520,[0,4,26,173,359,497,513,516,517,518,519],[1,1,1,1,1,1,1,1,1,1,0.575]]",-0.07401175650882019,0.00014000000000000001,-3.935559408835065e-18,0
40690471,P216S,0,"[0,520,[0,4,26,173,359,497,513,516,517,518,519],[1,1,1,1,1,1,1,1,1,1,0.575]]",-0.07401175650882019,0.00014000000000000001,-3.935559408835065e-18,0
40690471,P216S,0,"[0,520,[0,4,26,173,359,497,513,516,517,518,519],[1,1,1,1,1,1,1,1,1,1,0.575]]",-0.07401175650882019,0.00014000000000000001,-3.935559408835065e-18,0
40690471,P216S,0,"[0,520,[0,4,26,173,359,497,513,516,517,518,519],[1,1,1,1,1,1,1,1,1,1,0.575]]",-0.07401175650882019,0.00014000000000000001,-3.935559408835065e-18,0
40690471,P216S,0,"[0,520,[0,4,26,173,359,497,513,516,517,518,519],[1,1,1,1,1,1,1,1,1,1,0.575]]",-0.07401175650882019,0.00014000000000000001,-3.935559408835065e-18,0
40690471,P216S,0,"[0,520,[0,4,26,173,359,497,513,516,517,518,519],[1,1,1,1,1,1,1,1,1,1,0.575]]",-0.07401175650882019,0.00014000000000000001,-3.935559408835065e-18,0
40690471,P216S,0,"[0,520,[0,4,26,173,359,497,513,516,517,518,519],[1,1,1,1,1,1,1,1,1,1,0.575]]",-0.07401175650882019,0.00014000000000000001,-3.935559408835065e-18,0
40690471,P216S,0,"[0,520,[0,4,26,173,359,497,513,516,517,518,519],[1,1,1,1,1,1,1,1,1,1,0.575]]",-0.07401175650882019,0.00014000000000000001,-3.935559408835065e-18,0
40690471,P216S,0,"[0,520,[0,4,26,173,359,497,513,516,517,518,519],[1,1,1,1,1,1,1,1,1,1,0.575]]",-0.07401175650882019,0.00014000000000000001,-3.935559408835065e-18,0
40690471,P216S,0,"[0,520,[0,4,26,173,359,497,513,516,517,518,519],[1,1,1,1,1,1,1,1,1,1,0.575]]",-0.07401175650882019,0.00014000000000000001,-3.935559408835065e-18,0
40690471,P216S,0,"[0,520,[0,4,26,173,359,497,513,516,517,518,519],[1,1,1,1,1,1,1,1,1,1,0.575]]",-0.07401175650882019,0.00014000000000000001,-3.935559408835065e-18,0
40690471,P216S,0,"[0,520,[0,4,26,173,359,497,513,516,517,518,519],[1,1,1,1,1,1,1,1,1,1,0.575]]",-0.07401175650882019,0.00014000000000000001,-3.935559408835065e-18,0
40690471,P216S,0,"[0,520,[0,4,26,173,359,497,513,516,517,518,519],[1,1,1,1,1,1,1,1,1,1,0.575]]",-0.07401175650882019,0.00014000000000000001,-3.935559408835065e-18,0
40690471,P216S,0,"[0,520,[0,4,26,173,359,497,513,516,517,518,519],[1,1,1,1,1,1,1,1,1,1,0.575]]",-0.07401175650882019,0.00014000000000000001,-3.935559408835065e-18,0
40690471,P216S,0,"[0,520,[0,4,26,173,359,497,513,516,517,518,519],[1,1,1,1,1,1,1,1,1,1,0.575]]",-0.07401175650882019,0.00014000000000000001,-3.935559408835065e-18,0
40690471,P216S,0,"[0,520,[0,4,26,173,359,497,513,516,517,518,519],[1,1,1,1,1,1,1,1,1,1,0.575]]",-0.07401175650882019,0.00014000000000000001,-3.935559408835065e-18,0
40690472,P216R,0,"[0,520,[0,4,21,179,361,497,513,516,517,518,519],[1,1,1,1,1,1,1,1,1,1,0.575]]",-0.07401175650882019,0.00002000000000000002,-3.935559408835065e-18,0
40690472,P216R,0,"[0,520,[0,4,21,179,361,497,513,516,517,518,519],[1,1,1,1,1,1,1,1,1,1,0.575]]",-0.07401175650882019,0.00002000000000000002,-3.935559408835065e-18,0
40690472,P216R,0,"[0,520,[0,4,21,179,361,497,513,516,517,518,519],[1,1,1,1,1,1,1,1,1,1,0.575]]",-0.07401175650882019,0.00002000000000000002,-3.935559408835065e-18,0
40690472,P216R,0,"[0,520,[0,4,21,179,361,497,513,516,517,518,519],[1,1,1,1,1,1,1,1,1,1,0.575]]",-0.07401175650882019,0.00002000000000000002,-3.935559408835065e-18,0
40690472,P216R,0,"[0,520,[0,4,21,179,361,497,513,516,517,518,519],[1,1,1,1,1,1,1,1,1,1,0.575]]",-0.07401175650882019,0.00002000000000000002,-3.935559408835065e-18,0
40690472,P216R,0,"[0,520,[0,4,21,179,361,497,513,516,517,518,519],[1,1,1,1,1,1,1,1,1,1,0.575]]",-0.07401175650882019,0.00002000000000000002,-3.935559408835065e-18,0
40690472,P216R,0,"[0,520,[0,4,21,179,361,497,513,516,517,518,519],[1,1,1,1,1,1,1,1,1,1,0.575]]",-0.07401175650882019,0.00002000000000000002,-3.935559408835065e-18,0
40690472,P216R,0,"[0,520,[0,4,21,179,361,497,513,516,517,518,519],[1,1,1,1,1,1,1,1,1,1,0.575]]",-0.07401175650882019,0.00002000000000000002,-3.935559408835065e-18,0
40690472,P216R,0,"[0,520,[0,4,21,179,361,497,513,516,517,518,519],[1,1,1,1,1,1,1,1,1,1,0.575]]",-0.07401175650882019,0.00002000000000000002,-3.935559408835065e-18,0
40690472,P216R,0,"[0,520,[0,4,21,179,361,497,513,516,517,518,519],[1,1,1,1,1,1,1,1,1,1,0.575]]",-0.07401175650882019,0.00002000000000000002,-3.935559408835065e-18,0
40690472,P216R,0,"[0,520,[0,4,21,179,361,497,513,516,517,518,519],[1,1,1,1,1,1,1,1,1,1,0.575]]",-0.07401175650882019,0.00002000000000000002,-3.935559408835065e-18,0
40690472,P216R,0,"[0,520,[0,4,21,179,361,497,513,516,517,518,519],[1,1,1,1,1,1,1,1,1,1,0.575]]",-0.07401175650882019,0.00002000000000000002,-3.935559408835065e-18,0
40690472,P216R,0,"[0,520,[0,4,21,179,361,497,513,516,517,518,519],[1,1,1,1,1,1,1,1,1,1,0.575]]",-0.07401175650882019,0.00002000000000000002,-3.935559408835065e-18,0
40690472,P216R,0,"[0,520,[0,4,21,179,361,497,513,516,517,518,519],[1,1,1,1,1,1,1,1,1,1,0.575]]",-0.07401175650882019,0.00002000000000000002,-3.935559408835065e-18,0
40690472,P216R,0,"[0,520,[0,4,21,179,361,497,513,516,517,518,519],[1,1,1,1,1,1,1,1,1,1,0.575]]",-0.07401175650882019,0.00002000000000000002,-3.935559408835065e-18,0
40690472,P216R,0,"[0,520,[0,4,21,179,361,497,513,516,517,518,519],[1,1,1,1,1,1,1,1,1,1,0.575]]",-0.07401175650882019,0.00002000000000000002,-3.935559408835065e-18,0
40690489,Q222E,0.814,"[0,520,[0,4,140,322,368,500,514,515,517,518,519],[1,1,1,1,1,1,1,1,0.0709,0.84,0.103]]",0.766301915786193,0.8022599999999999,0.814,0.814
40690496,Y224C,0.994,"[0,520,[0,4,149,211,487,506,512,515,517,518,519],[1,1,1,1,1,1,1,1,0.0289,0.689,0.0537]]",0.971960734198429,0.9939999999999999,0.9939999999999998,0.9940000000000001
40690692,R228Q,0.037,"[0,520,[2,5,19,187,360,493,513,516,517,518,519],[1,1,1,1,1,1,1,1,0.176,0.945,0.201]]",0.13074445167048776,0.03769999999999998,0.037,0.037
40690692,R228Q,0.998,"[0,520,[2,5,19,187,360,493,512,515,517,518,519],[1,1,1,1,1,1,1,1,0.0112,0.273,0.0274]]",0.9861705976105577,0.9979999999999994,0.9979999999999996,0.9980000000000002
40690691,R228W,0.037,"[0,520,[1,6,20,194,358,493,513,516,517,518,519],[1,1,1,1,1,1,1,1,0.176,0.945,0.201]]",0.13094749843200548,0.038439999999999974,0.037,0.037
40690691,R228W,0.998,"[0,520,[1,6,20,194,358,493,512,515,517,518,519],[1,1,1,1,1,1,1,1,0.0112,0.273,0.0274]]",0.9863736443720753,0.9978199999999994,0.9979999999999996,0.9980000000000002
40690719,G237D,0.817,"[0,520,[0,4,87,270,457,494,514,515,517,518,519],[1,1,1,1,1,1,1,1,0.0705,0.84,0.102]]",0.7668499351844306,0.8095,0.8170000000000002,0.8169999999999998
40690736,P243S,1,"[0,520,[0,4,142,206,429,497,512,515,517,518,519],[1,1,1,1,1,1,1,1,0.00026,0.00018,0.0109]]",0.9954159644429941,1,1,1
40690739,A244T,1,"[0,520,[0,4,99,312,383,495,512,515,517,518,519],[1,1,1,1,1,1,1,1,0.00026,0.00018,0.0109]]",0.9834394949805142,1,1,1
40690760,E251K,0.001,"[0,520,[0,4,83,252,387,505,513,516,517,518,519],[1,1,1,1,1,1,1,1,0.852,0.994,0.514]]",-0.04058257321633263,0.0010200000000000007,0.000999999999999996,0.001
40690766,V253I,0.002,"[0,520,[0,4,59,257,486,496,513,516,517,518,519],[1,1,1,1,1,1,1,1,0.704,0.987,0.452]]",-0.006605370525607501,0.0023600000000000014,0.001999999999999997,0.0020000000000000005
40690770,T254I,0.773,"[0,520,[0,4,42,245,388,502,514,515,517,518,519],[1,1,1,1,1,1,1,1,0.0756,0.849,0.108]]",0.7635618187950055,0.7712600000000005,0.773,0.773
40692981,V260I,0.011,"[0,520,[0,4,96,268,441,496,513,516,517,518,519],[1,1,1,1,1,1,1,1,0.222,0.959,0.239]]",0.11012276129898046,0.010840000000000006,0.011,0.011000000000000001
40692985,N261S,0.047,"[0,520,[0,4,136,321,397,504,513,516,517,518,519],[1,1,1,1,1,1,1,1,0.168,0.942,0.195]]",0.13423561482143043,0.04515999999999999,0.047,0.047
40692991,T263M,0.989,"[0,520,[0,4,49,202,363,502,512,515,517,518,519],[1,1,1,1,1,1,1,1,0.0346,0.723,0.0608]]",0.9680697964709427,0.9896714285714278,0.9889999999999995,0.9890000000000002
40693009,G269D,0.96,"[0,520,[0,4,68,199,385,494,512,515,517,518,519],[1,1,1,1,1,1,1,1,0.0483,0.781,0.0774]]",0.9589726744602003,0.9609000000000006,0.96,0.96
40693020,C273R,0.98,"[0,520,[0,4,37,236,470,511,512,515,517,518,519],[1,1,1,1,1,1,1,1,0.0405,0.753,0.0679]]",0.9641788587434565,0.9785399999999994,0.98,0.98
40693030,S276F,0.995,"[0,520,[0,4,72,254,421,499,512,515,517,518,519],[1,1,1,1,1,1,1,1,0.0277,0.681,0.0521]]",0.9728375652356089,0.9947199999999996,0.9949999999999998,0.9950000000000001
40693045,L281P,0.996,"[0,520,[0,4,84,215,415,498,512,515,517,518,519],[1,1,1,1,1,1,1,1,0.0222,0.545,0.0439]]",0.9773313243011565,0.9958800000000003,0.996,0.996
40693051,P283L,0.39,"[0,520,[0,4,144,279,404,497,513,516,517,518,519],[1,1,1,1,1,1,1,1,0.105,0.896,0.138]]",0.24681951737489882,0.3805000000000003,0.39,0.39
40693071,I290V,0,"[0,520,[0,4,92,288,442,503,513,516,517,518,519],[1,1,1,1,1,1,1,1,1,1,0.575]]",-0.07401175650882019,0.0027800000000000004,-3.935559408835065e-18,0
40693074,I291L,0.617,"[0,520,[0,4,61,228,488,503,514,515,517,518,519],[1,1,1,1,1,1,1,1,0.0905,0.871,0.123]]",0.755341527821443,0.608246666666667,0.617,0.617
40693083,L294F,0.989,"[0,520,[0,4,65,258,446,498,512,515,517,518,519],[1,1,1,1,1,1,1,1,0.0346,0.723,0.0608]]",0.9680697964709427,0.9892514285714279,0.9889999999999995,0.9890000000000002
40693093,R297Q,0.752,"[0,520,[2,5,116,200,432,493,514,515,517,518,519],[1,1,1,1,1,1,1,1,0.0775,0.853,0.11]]",0.7622627332370129,0.7392600000000003,0.752,0.752
40693102,I300T,0.002,"[0,520,[0,4,101,207,450,503,513,516,517,518,519],[1,1,1,1,1,1,1,1,0.704,0.987,0.452]]",-0.006605370525607501,0.004460000000000002,0.001999999999999997,0.0020000000000000005
40693120,D306G,0.874,"[0,520,[0,4,122,242,475,501,514,515,517,518,519],[1,1,1,1,1,1,1,1,0.0654,0.827,0.0968]]",0.7696996360552655,0.8732200000000002,0.8739999999999998,0.8740000000000001
40693126,I308T,0.98,"[0,520,[0,4,158,210,384,503,512,515,517,518,519],[1,1,1,1,1,1,1,1,0.0405,0.753,0.0679]]",0.9641788587434565,0.9781199999999992,0.98,0.98
40693132,G310A,0.584,"[0,520,[0,4,11,190,343,494,514,515,517,518,519],[1,1,1,1,1,1,1,1,0.0932,0.875,0.126]]",0.7446328175666023,0.5827399999999998,0.584,0.584
40693132,G310A,0.773,"[0,520,[0,4,11,190,343,494,514,515,517,518,519],[1,1,1,1,1,1,1,1,0.0756,0.849,0.108]]",0.7544971667348773,0.7688000000000004,0.773,0.773
40693132,G310V,0.584,"[0,520,[0,4,11,196,342,494,514,515,517,518,519],[1,1,1,1,1,1,1,1,0.0932,0.875,0.126]]",0.7446328175666023,0.5866399999999998,0.584,0.584
40693132,G310V,0.773,"[0,520,[0,4,11,196,342,494,514,515,517,518,519],[1,1,1,1,1,1,1,1,0.0756,0.849,0.108]]",0.7544971667348773,0.7688000000000004,0.773,0.773
40693168,S322L,0.928,"[0,520,[0,4,79,309,426,499,514,515,517,518,519],[1,1,1,1,1,1,1,1,0.058,0.806,0.0888]]",0.7848218240697467,0.9223999999999997,0.9280000000000003,0.9279999999999999
40693182,L327F,1,"[0,520,[0,4,156,205,401,498,512,515,517,518,519],[1,1,1,1,1,1,1,1,0.00026,0.00018,0.0109]]",0.9954159644429941,0.99992,1,1
40693188,A329T,0.011,"[0,520,[0,4,40,219,449,495,513,516,517,518,519],[1,1,1,1,1,1,1,1,0.222,0.959,0.239]]",0.09814629183650048,0.010880000000000006,0.011,0.011000000000000001
40693198,T332I,0.155,"[0,520,[0,4,154,326,483,502,513,516,517,518,519],[1,1,1,1,1,1,1,1,0.133,0.921,0.164]]",0.15122421616679305,0.13712000000000005,0.15499999999999997,0.15499999999999997
40693203,V334I,0.49,"[0,520,[0,4,39,248,428,496,514,516,517,518,519],[1,1,1,1,1,1,1,1,0.0978,0.885,0.13]]",0.4922187571363926,0.45046000000000014,0.48999999999999977,0.4900000000000002
40693217,M338I,0.567,"[0,520,[0,4,70,295,419,510,514,515,517,518,519],[1,1,1,1,1,1,1,1,0.0939,0.877,0.127]]",0.7101705270498067,0.5657533333333336,0.5669999999999995,0.5670000000000002
40693218,T339P,0.003,"[0,520,[0,4,54,229,409,502,513,516,517,518,519],[1,1,1,1,1,1,1,1,0.556,0.981,0.39]]",0.027371832165117627,0.0025800000000000016,0.0029999999999999966,0.003
40693221,A340T,0.011,"[0,520,[0,4,123,291,367,495,513,516,517,518,519],[1,1,1,1,1,1,1,1,0.222,0.959,0.239]]",0.09814629183650048,0.010820000000000005,0.011,0.011000000000000001
40695069,L349F,0.047,"[0,520,[0,4,128,213,433,498,513,516,517,518,519],[1,1,1,1,1,1,1,1,0.168,0.942,0.195]]",0.13423561482143043,0.04423999999999999,0.047,0.047
40695076,G351A,1,"[0,520,[0,4,85,297,455,494,512,515,517,518,519],[1,1,1,1,1,1,1,1,0.00026,0.00018,0.0109]]",0.9954159644429941,1,1,1
40695085,F354S,1,"[0,520,[0,4,91,222,458,507,512,515,517,518,519],[1,1,1,1,1,1,1,1,0.00026,0.00018,0.0109]]",0.9954159644429941,1,1,1
40695087,Q355K,0.872,"[0,520,[0,4,88,307,435,500,514,515,517,518,519],[1,1,1,1,1,1,1,1,0.0655,0.827,0.0969]]",0.7696448341154418,0.8691600000000002,0.8720000000000002,0.8719999999999999
40695106,W361S,1,"[0,520,[0,4,90,300,395,509,512,515,517,518,519],[1,1,1,1,1,1,1,1,0.00026,0.00018,0.0109]]",0.9954159644429941,1,1,1
40695122,I366M,0.125,"[0,520,[0,4,64,208,472,503,513,516,517,518,519],[1,1,1,1,1,1,1,1,0.14,0.926,0.17]]",0.147936099777368,0.10472,0.125,0.125
40695129,V369L,0.018,"[0,520,[0,4,119,212,474,496,513,516,517,518,519],[1,1,1,1,1,1,1,1,0.202,0.953,0.223]]",0.11889107167078039,0.01652000000000001,0.017999999999999995,0.017999999999999995
40695144,P374S,1,"[0,520,[0,4,74,223,364,497,512,515,517,518,519],[1,1,1,1,1,1,1,1,0.00026,0.00018,0.0109]]",0.9954159644429941,1,1,1
40695148,R375H,0.956,"[0,520,[0,4,15,192,339,493,514,515,517,518,519],[1,1,1,1,1,1,1,1,0.0501,0.785,0.0796]]",0.7791255697049506,0.9525200000000005,0.956,0.956
40695148,R375H,0.985,"[0,520,[0,4,15,192,339,493,512,515,517,518,519],[1,1,1,1,1,1,1,1,0.0375,0.74,0.0643]]",0.9661517285771115,0.9838666666666666,0.985,0.985
40695147,R375C,0.956,"[0,520,[1,6,29,170,354,493,514,515,517,518,519],[1,1,1,1,1,1,1,1,0.0501,0.785,0.0796]]",0.7791255697049506,0.9530200000000003,0.956,0.956
40695147,R375C,0.985,"[0,520,[1,6,29,170,354,493,512,515,517,518,519],[1,1,1,1,1,1,1,1,0.0375,0.74,0.0643]]",0.9661517285771115,0.9845866666666663,0.985,0.985
40695154,R377H,0.188,"[0,520,[0,4,24,175,357,493,513,516,517,518,519],[1,1,1,1,1,1,1,1,0.127,0.917,0.158]]",0.1545123325562181,0.18629999999999997,0.188,0.188
40695154,R377H,0.999,"[0,520,[0,4,24,175,357,493,512,515,517,518,519],[1,1,1,1,1,1,1,1,0.00574,0.136,0.0192]]",0.9908674034376228,0.9990000000000004,0.9989999999999998,0.9990000000000001
40695153,R377C,0.188,"[0,520,[0,4,27,186,347,493,513,516,517,518,519],[1,1,1,1,1,1,1,1,0.127,0.917,0.158]]",0.1545123325562181,0.18774000000000002,0.188,0.188
40695153,R377C,0.999,"[0,520,[0,4,27,186,347,493,512,515,517,518,519],[1,1,1,1,1,1,1,1,0.00574,0.136,0.0192]]",0.9908674034376228,0.9989800000000004,0.9989999999999998,0.9990000000000001
40695178,A385V,1,"[0,520,[0,4,110,269,445,495,512,515,517,518,519],[1,1,1,1,1,1,1,1,0.00026,0.00018,0.0109]]",0.9834394949805142,1,1,1
40695180,E386K,1,"[0,520,[0,4,35,286,403,505,512,515,517,518,519],[1,1,1,1,1,1,1,1,0.00026,0.00018,0.0109]]",0.9954159644429941,1,1,1
40695202,R393H,0.012,"[0,520,[0,4,76,256,398,493,513,516,517,518,519],[1,1,1,1,1,1,1,1,0.219,0.958,0.236]]",0.11176681949369294,0.011560000000000008,0.011999999999999999,0.012
40695216,Q398K,0.079,"[0,520,[1,5,134,237,427,500,513,516,517,518,519],[1,1,1,1,1,1,1,1,0.154,0.933,0.183]]",0.14060880083876282,0.07230000000000003,0.079,0.079
40695220,G399V,1,"[0,520,[0,4,53,265,485,494,512,515,517,518,519],[1,1,1,1,1,1,1,1,0.00026,0.00018,0.0109]]",0.9954159644429941,1,1,1
40695236,W404C,1,"[0,520,[0,4,48,323,456,509,512,515,517,518,519],[1,1,1,1,1,1,1,1,0.00026,0.00018,0.0109]]",0.9954159644429941,1,1,1
40695246,H408Y,0.998,"[0,520,[0,4,57,251,463,512,515,517,518,519],[1,1,1,1,1,1,1,0.0112,0.273,0.0274]]",0.9863736443720753,0.9979999999999994,0.9979999999999996,0.9980000000000002
40695285,E421K,0.7,"[0,520,[0,4,78,304,418,505,514,515,517,518,519],[1,1,1,1,1,1,1,1,0.0823,0.859,0.115]]",0.759725683007343,0.68826,0.7,0.7
40695301,G426A,1,"[0,520,[0,4,66,311,479,494,512,515,517,518,519],[1,1,1,1,1,1,1,1,0.00026,0.00018,0.0109]]",0.9954159644429941,1,1,1
40695315,R431C,0.999,"[0,520,[0,4,111,230,453,493,512,515,517,518,519],[1,1,1,1,1,1,1,1,0.00574,0.136,0.0192]]",0.9908674034376228,0.9989800000000004,0.9989999999999998,0.9990000000000001
40695328,N435T,1,"[0,520,[0,4,133,203,405,504,512,515,517,518,519],[1,1,1,1,1,1,1,1,0.00026,0.00018,0.0109]]",0.9954159644429941,1,1,1
40695334,T437S,0.998,"[0,520,[0,4,150,243,365,502,512,515,517,518,519],[1,1,1,1,1,1,1,1,0.0112,0.273,0.0274]]",0.9863736443720753,0.9979999999999994,0.9979999999999996,0.9980000000000002
40695346,T441M,0.895,"[0,520,[0,4,109,238,464,502,514,515,517,518,519],[1,1,1,1,1,1,1,1,0.0631,0.82,0.0945]]",0.7709600806712118,0.8932000000000005,0.895,0.895
40695355,A444V,0.037,"[0,520,[0,4,13,178,338,495,513,516,517,518,519],[1,1,1,1,1,1,1,1,0.176,0.945,0.201]]",0.1189710289695256,0.03627999999999997,0.037,0.037
40695355,A444V,0.96,"[0,520,[0,4,13,178,338,495,512,515,517,518,519],[1,1,1,1,1,1,1,1,0.0483,0.781,0.0774]]",0.9469962049977203,0.9606400000000006,0.96,0.96
40695355,A444D,0.037,"[0,520,[0,4,13,189,362,495,513,516,517,518,519],[1,1,1,1,1,1,1,1,0.176,0.945,0.201]]",0.1189710289695256,0.036219999999999974,0.037,0.037
40695355,A444D,0.96,"[0,520,[0,4,13,189,362,495,512,515,517,518,519],[1,1,1,1,1,1,1,1,0.0483,0.781,0.0774]]",0.9469962049977203,0.9605400000000007,0.96,0.96
40695357,P445S,1,"[0,520,[0,4,121,299,466,497,512,515,517,518,519],[1,1,1,1,1,1,1,1,0.00026,0.00018,0.0109]]",0.9954159644429941,1,1,1
40695370,S449N,0.002,"[0,520,[2,5,143,261,492,499,513,516,517,518,519],[1,1,1,1,1,1,1,1,0.704,0.987,0.452]]",-0.0068084172871252235,0.0021200000000000017,0.001999999999999997,0.0020000000000000005
40695384,V454F,0.993,"[0,520,[0,4,151,231,393,496,512,515,517,518,519],[1,1,1,1,1,1,1,1,0.0301,0.696,0.0553]]",0.971083903161249,0.9931000000000003,0.993,0.993
40695388,Y455S,1,"[0,520,[0,4,162,235,481,506,512,515,517,518,519],[1,1,1,1,1,1,1,1,0.00026,0.00018,0.0109]]",0.9954159644429941,1,1,1
40695391,S456F,0.871,"[0,520,[0,4,100,277,414,499,514,515,517,518,519],[1,1,1,1,1,1,1,1,0.0656,0.827,0.097]]",0.769590032175618,0.8683400000000003,0.871,0.871
40695408,G462R,1,"[0,520,[0,4,105,313,371,494,512,515,517,518,519],[1,1,1,1,1,1,1,1,0.00026,0.00018,0.0109]]",0.9954159644429941,1,1,1
40695415,R464Q,0.895,"[0,520,[0,4,56,308,391,493,514,515,517,518,519],[1,1,1,1,1,1,1,1,0.0631,0.82,0.0945]]",0.7709600806712118,0.8917000000000005,0.895,0.895
40695454,S477T,0.402,"[0,520,[0,4,120,233,382,499,513,516,517,518,519],[1,1,1,1,1,1,1,1,0.105,0.895,0.137]]",0.2588164175080781,0.38108000000000003,0.40200000000000025,0.4019999999999999
40695459,A479T,0.999,"[0,520,[0,4,112,310,431,495,512,515,517,518,519],[1,1,1,1,1,1,1,1,0.00574,0.136,0.0192]]",0.9788909339751429,0.9990000000000004,0.9989999999999998,0.9990000000000001
40695462,A480T,0.009,"[0,520,[2,5,46,278,378,495,513,516,517,518,519],[1,1,1,1,1,1,1,1,0.233,0.961,0.247]]",0.09355908988908279,0.008880000000000004,0.008999999999999998,0.009
40695465,R481W,0.994,"[0,520,[0,4,126,267,370,493,512,515,517,518,519],[1,1,1,1,1,1,1,1,0.0289,0.689,0.0537]]",0.971960734198429,0.9939333333333331,0.9939999999999998,0.9940000000000001
40695487,P488L,0.619,"[0,520,[0,4,103,246,366,497,514,515,517,518,519],[1,1,1,1,1,1,1,1,0.0903,0.87,0.123]]",0.755341527821443,0.6105866666666667,0.619,0.619
40695492,A490T,0.054,"[0,520,[0,4,75,240,377,495,513,516,517,518,519],[1,1,1,1,1,1,1,1,0.164,0.94,0.191]]",0.12445122295190059,0.05347999999999997,0.054,0.054
40695496,G491A,0.002,"[0,520,[0,4,50,315,423,494,513,516,517,518,519],[1,1,1,1,1,1,1,1,0.704,0.987,0.452]]",-0.006605370525607501,0.0020000000000000013,0.001999999999999997,0.0020000000000000005
40695502,A493V,1,"[0,520,[0,4,108,317,468,495,512,515,517,518,519],[1,1,1,1,1,1,1,1,0.00026,0.00018,0.0109]]",0.9834394949805142,1,1,1
40695511,L496P,0.999,"[0,520,[3,7,132,201,407,498,512,515,517,518,519],[1,1,1,1,1,1,1,1,0.00574,0.136,0.0192]]",0.9908674034376228,0.9989400000000006,0.9989999999999998,0.9990000000000001
40695519,R499W,0.998,"[0,520,[0,4,28,183,352,493,512,515,517,518,519],[1,1,1,1,1,1,1,1,0.0112,0.273,0.0274]]",0.9863736443720753,0.9979599999999995,0.9979999999999996,0.9980000000000002
40695519,R499W,0.21,"[0,520,[0,4,28,183,352,493,513,516,517,518,519],[1,1,1,1,1,1,1,1,0.123,0.915,0.154]]",0.15670441014916803,0.2073150000000002,0.21000000000000002,0.21000000000000002
40695520,R499Q,0.998,"[0,520,[0,4,22,176,345,493,512,515,517,518,519],[1,1,1,1,1,1,1,1,0.0112,0.273,0.0274]]",0.9863736443720753,0.9979599999999995,0.9979999999999996,0.9980000000000002
40695520,R499Q,0.21,"[0,520,[0,4,22,176,345,493,513,516,517,518,519],[1,1,1,1,1,1,1,1,0.123,0.915,0.154]]",0.15670441014916803,0.20649500000000015,0.21000000000000002,0.21000000000000002
40695532,N503S,0.999,"[0,520,[0,4,124,250,406,504,512,515,517,518,519],[1,1,1,1,1,1,1,1,0.00574,0.136,0.0192]]",0.9908674034376228,0.9990000000000007,0.9989999999999998,0.9990000000000001
40695541,G506E,0.773,"[0,520,[0,4,41,289,489,494,514,515,517,518,519],[1,1,1,1,1,1,1,1,0.0756,0.849,0.108]]",0.7635618187950055,0.7690200000000005,0.773,0.773
40695550,C509Y,0.009,"[0,520,[0,4,107,273,399,511,513,516,517,518,519],[1,1,1,1,1,1,1,1,0.233,0.961,0.247]]",0.10573860611308039,0.009000000000000005,0.008999999999999998,0.009
40695562,N513S,0.994,"[0,520,[80,264,424,504,512,515,517,518,519],[1,1,1,1,1,1,0.0289,0.689,0.0537]]",0.971960734198429,0.9939399999999998,0.994,0.994
40695565,R514H,0.004,"[0,520,[0,4,32,184,349,493,513,516,517,518,519],[1,1,1,1,1,1,1,1,0.408,0.975,0.328]]",0.061349034855842755,0.0038400000000000027,0.003999999999999997,0.004
40695565,R514H,0.996,"[0,520,[0,4,32,184,349,493,512,515,517,518,519],[1,1,1,1,1,1,1,1,0.0222,0.545,0.0439]]",0.9773313243011565,0.9959600000000005,0.996,0.996
40695564,R514C,0.004,"[0,520,[0,4,31,181,355,493,513,516,517,518,519],[1,1,1,1,1,1,1,1,0.408,0.975,0.328]]",0.061349034855842755,0.003800000000000003,0.003999999999999997,0.004
40695564,R514C,0.996,"[0,520,[0,4,31,181,355,493,512,515,517,518,519],[1,1,1,1,1,1,1,1,0.0222,0.545,0.0439]]",0.9773313243011565,0.9959200000000006,0.996,0.996
40695589,S522F,1,"[0,520,[0,4,89,247,473,499,512,515,517,518,519],[1,1,1,1,1,1,1,1,0.00026,0.00018,0.0109]]",0.9954159644429941,1,1,1
40695595,Q524R,0.009,"[0,520,[0,4,86,293,467,500,513,516,517,518,519],[1,1,1,1,1,1,1,1,0.233,0.961,0.247]]",0.10573860611308039,0.009000000000000005,0.008999999999999998,0.009
40695622,R533Q,0.017,"[0,520,[0,4,97,480,493,513,516,517,518,519],[1,1,1,1,1,1,1,0.205,0.954,0.225]]",0.11779503287430548,0.016300000000000012,0.017,0.017
40695630,V536M,0.998,"[0,520,[2,5,148,220,491,496,512,515,517,518,519],[1,1,1,1,1,1,1,1,0.0112,0.273,0.0274]]",0.9861705976105577,0.9964199999999994,0.9979999999999996,0.9980000000000002
40695646,R541Q,0.949,"[0,520,[0,4,47,276,402,493,514,515,517,518,519],[1,1,1,1,1,1,1,1,0.0529,0.792,0.0831]]",0.8058216591480858,0.94,0.949,0.949
40695649,L542R,0.999,"[0,520,[0,4,9,193,356,498,512,515,517,518,519],[1,1,1,1,1,1,1,1,0.00574,0.136,0.0192]]",0.9908674034376228,0.9989400000000006,0.9989999999999998,0.9990000000000001
40695649,L542R,1,"[0,520,[0,4,9,193,356,498,512,515,517,518,519],[1,1,1,1,1,1,1,1,0.00026,0.00018,0.0109]]",0.9954159644429941,0.99992,1,1
40695649,L542P,0.999,"[0,520,[0,4,9,180,351,498,512,515,517,518,519],[1,1,1,1,1,1,1,1,0.00574,0.136,0.0192]]",0.9908674034376228,0.9990000000000004,0.9989999999999998,0.9990000000000001
40695649,L542P,1,"[0,520,[0,4,9,180,351,498,512,515,517,518,519],[1,1,1,1,1,1,1,1,0.00026,0.00018,0.0109]]",0.9954159644429941,0.9999799999999999,1,1
40695663,A547T,0.019,"[0,520,[0,4,157,244,462,495,513,516,517,518,519],[1,1,1,1,1,1,1,1,0.2,0.953,0.222]]",0.10746262160653808,0.01786000000000001,0.019,0.019
40695687,A555T,0.008,"[0,520,[0,4,58,328,380,495,513,516,517,518,519],[1,1,1,1,1,1,1,1,0.239,0.963,0.252]]",0.09102203965941302,0.008160000000000006,0.008,0.008000000000000002
40695694,R557L,0.034,"[0,520,[0,4,33,191,346,493,513,516,517,518,519],[1,1,1,1,1,1,1,1,0.178,0.946,0.203]]",0.12985145963553046,0.03374000000000002,0.034,0.034
40695694,R557L,0.999,"[0,520,[0,4,33,191,346,493,512,515,517,518,519],[1,1,1,1,1,1,1,1,0.00574,0.136,0.0192]]",0.9908674034376228,0.9990000000000004,0.9989999999999998,0.9990000000000001
40695693,R557C,0.034,"[0,520,[0,4,16,169,337,493,513,516,517,518,519],[1,1,1,1,1,1,1,1,0.178,0.946,0.203]]",0.12985145963553046,0.033680000000000015,0.034,0.034
40695693,R557C,0.999,"[0,520,[0,4,16,169,337,493,512,515,517,518,519],[1,1,1,1,1,1,1,1,0.00574,0.136,0.0192]]",0.9908674034376228,0.9989800000000004,0.9989999999999998,0.9990000000000001
40695699,D559N,1,"[0,520,[0,4,14,177,350,501,512,515,517,518,519],[1,1,1,1,1,1,1,1,0.00026,0.00018,0.0109]]",0.9954159644429941,1,1,1
40695699,D559N,1,"[0,520,[0,4,14,177,350,501,512,515,517,518,519],[1,1,1,1,1,1,1,1,0.00026,0.00018,0.0109]]",0.9954159644429941,1,1,1
40695699,D559N,1,"[0,520,[0,4,14,177,350,501,512,515,517,518,519],[1,1,1,1,1,1,1,1,0.00026,0.00018,0.0109]]",0.9954159644429941,1,1,1
40695699,D559N,1,"[0,520,[0,4,14,177,350,501,512,515,517,518,519],[1,1,1,1,1,1,1,1,0.00026,0.00018,0.0109]]",0.9954159644429941,1,1,1
40695699,D559N,1,"[0,520,[0,4,14,177,350,501,512,515,517,518,519],[1,1,1,1,1,1,1,1,0.00026,0.00018,0.0109]]",0.9954159644429941,1,1,1
40695699,D559N,1,"[0,520,[0,4,14,177,350,501,512,515,517,518,519],[1,1,1,1,1,1,1,1,0.00026,0.00018,0.0109]]",0.9954159644429941,1,1,1
40695699,D559N,1,"[0,520,[0,4,14,177,350,501,512,515,517,518,519],[1,1,1,1,1,1,1,1,0.00026,0.00018,0.0109]]",0.9954159644429941,1,1,1
40695699,D559N,1,"[0,520,[0,4,14,177,350,501,512,515,517,518,519],[1,1,1,1,1,1,1,1,0.00026,0.00018,0.0109]]",0.9954159644429941,1,1,1
40695699,D559N,1,"[0,520,[0,4,14,177,350,501,512,515,517,518,519],[1,1,1,1,1,1,1,1,0.00026,0.00018,0.0109]]",0.9954159644429941,1,1,1
40695699,D559N,1,"[0,520,[0,4,14,177,350,501,512,515,517,518,519],[1,1,1,1,1,1,1,1,0.00026,0.00018,0.0109]]",0.9954159644429941,1,1,1
40695699,D559N,1,"[0,520,[0,4,14,177,350,501,512,515,517,518,519],[1,1,1,1,1,1,1,1,0.00026,0.00018,0.0109]]",0.9954159644429941,1,1,1
40695699,D559N,1,"[0,520,[0,4,14,177,350,501,512,515,517,518,519],[1,1,1,1,1,1,1,1,0.00026,0.00018,0.0109]]",0.9954159644429941,1,1,1
40695699,D559N,1,"[0,520,[0,4,14,177,350,501,512,515,517,518,519],[1,1,1,1,1,1,1,1,0.00026,0.00018,0.0109]]",0.9954159644429941,1,1,1
40695699,D559N,1,"[0,520,[0,4,14,177,350,501,512,515,517,518,519],[1,1,1,1,1,1,1,1,0.00026,0.00018,0.0109]]",0.9954159644429941,1,1,1
40695699,D559N,1,"[0,520,[0,4,14,177,350,501,512,515,517,518,519],[1,1,1,1,1,1,1,1,0.00026,0.00018,0.0109]]",0.9954159644429941,1,1,1
40695699,D559N,1,"[0,520,[0,4,14,177,350,501,512,515,517,518,519],[1,1,1,1,1,1,1,1,0.00026,0.00018,0.0109]]",0.9954159644429941,1,1,1
40695699,D559H,1,"[0,520,[0,4,14,185,333,501,512,515,517,518,519],[1,1,1,1,1,1,1,1,0.00026,0.00018,0.0109]]",0.9954159644429941,1,1,1
40695699,D559H,1,"[0,520,[0,4,14,185,333,501,512,515,517,518,519],[1,1,1,1,1,1,1,1,0.00026,0.00018,0.0109]]",0.9954159644429941,1,1,1
40695699,D559H,1,"[0,520,[0,4,14,185,333,501,512,515,517,518,519],[1,1,1,1,1,1,1,1,0.00026,0.00018,0.0109]]",0.9954159644429941,1,1,1
40695699,D559H,1,"[0,520,[0,4,14,185,333,501,512,515,517,518,519],[1,1,1,1,1,1,1,1,0.00026,0.00018,0.0109]]",0.9954159644429941,1,1,1
40695699,D559H,1,"[0,520,[0,4,14,185,333,501,512,515,517,518,519],[1,1,1,1,1,1,1,1,0.00026,0.00018,0.0109]]",0.9954159644429941,1,1,1
40695699,D559H,1,"[0,520,[0,4,14,185,333,501,512,515,517,518,519],[1,1,1,1,1,1,1,1,0.00026,0.00018,0.0109]]",0.9954159644429941,1,1,1
40695699,D559H,1,"[0,520,[0,4,14,185,333,501,512,515,517,518,519],[1,1,1,1,1,1,1,1,0.00026,0.00018,0.0109]]",0.9954159644429941,1,1,1
40695699,D559H,1,"[0,520,[0,4,14,185,333,501,512,515,517,518,519],[1,1,1,1,1,1,1,1,0.00026,0.00018,0.0109]]",0.9954159644429941,1,1,1
40695699,D559H,1,"[0,520,[0,4,14,185,333,501,512,515,517,518,519],[1,1,1,1,1,1,1,1,0.00026,0.00018,0.0109]]",0.9954159644429941,1,1,1
40695699,D559H,1,"[0,520,[0,4,14,185,333,501,512,515,517,518,519],[1,1,1,1,1,1,1,1,0.00026,0.00018,0.0109]]",0.9954159644429941,1,1,1
40695699,D559H,1,"[0,520,[0,4,14,185,333,501,512,515,517,518,519],[1,1,1,1,1,1,1,1,0.00026,0.00018,0.0109]]",0.9954159644429941,1,1,1
40695699,D559H,1,"[0,520,[0,4,14,185,333,501,512,515,517,518,519],[1,1,1,1,1,1,1,1,0.00026,0.00018,0.0109]]",0.9954159644429941,1,1,1
40695699,D559H,1,"[0,520,[0,4,14,185,333,501,512,515,517,518,519],[1,1,1,1,1,1,1,1,0.00026,0.00018,0.0109]]",0.9954159644429941,1,1,1
40695699,D559H,1,"[0,520,[0,4,14,185,333,501,512,515,517,518,519],[1,1,1,1,1,1,1,1,0.00026,0.00018,0.0109]]",0.9954159644429941,1,1,1
40695699,D559H,1,"[0,520,[0,4,14,185,333,501,512,515,517,518,519],[1,1,1,1,1,1,1,1,0.00026,0.00018,0.0109]]",0.9954159644429941,1,1,1
40695699,D559H,1,"[0,520,[0,4,14,185,333,501,512,515,517,518,519],[1,1,1,1,1,1,1,1,0.00026,0.00018,0.0109]]",0.9954159644429941,1,1,1
40695712,L563H,0.991,"[0,520,[0,4,106,271,482,498,512,515,517,518,519],[1,1,1,1,1,1,1,1,0.0326,0.711,0.0584]]",0.9693850430267128,0.9909714285714284,0.9909999999999998,0.9910000000000001
40695727,V568G,0.39,"[0,520,[0,4,69,316,425,496,513,516,517,518,519],[1,1,1,1,1,1,1,1,0.105,0.896,0.138]]",0.24681965359330493,0.3783800000000002,0.39,0.39
40695741,S573G,0.969,"[0,520,[0,4,118,305,469,499,512,515,517,518,519],[1,1,1,1,1,1,1,1,0.045,0.77,0.0734]]",0.9611647520531502,0.9654000000000006,0.969,0.969
40695748,Y575C,0.159,"[0,520,[0,4,104,216,484,506,513,516,517,518,519],[1,1,1,1,1,1,1,1,0.132,0.92,0.163]]",0.1517722355650305,0.15669999999999992,0.159,0.159
40695807,G595R,0.999,"[0,520,[0,4,287,381,494,512,515,517,518,519],[1,1,1,1,1,1,1,0.00574,0.136,0.0192]]",0.9908674034376228,0.9990000000000004,0.9989999999999998,0.9990000000000001
40695810,G596C,1,"[0,520,[0,4,117,253,416,494,512,515,517,518,519],[1,1,1,1,1,1,1,1,0.00026,0.00018,0.0109]]",0.9954159644429941,1,1,1
40695813,V597I,0.009,"[0,520,[0,4,12,182,336,496,513,516,517,518,519],[1,1,1,1,1,1,1,1,0.233,0.961,0.247]]",0.08006056306383114,0.008900000000000005,0.009,0.009000000000000001
40695813,V597I,0.009,"[0,520,[0,4,12,182,336,496,513,516,517,518,519],[1,1,1,1,1,1,1,1,0.233,0.961,0.247]]",0.08006056306383114,0.008900000000000005,0.009,0.009000000000000001
40695813,V597I,0.009,"[0,520,[0,4,12,182,336,496,513,516,517,518,519],[1,1,1,1,1,1,1,1,0.233,0.961,0.247]]",0.08006056306383114,0.008900000000000005,0.009,0.009000000000000001
40695813,V597I,0.009,"[0,520,[0,4,12,182,336,496,513,516,517,518,519],[1,1,1,1,1,1,1,1,0.233,0.961,0.247]]",0.08006056306383114,0.008900000000000005,0.009,0.009000000000000001
40695813,V597I,0.009,"[0,520,[0,4,12,182,336,496,513,516,517,518,519],[1,1,1,1,1,1,1,1,0.233,0.961,0.247]]",0.08006056306383114,0.008900000000000005,0.009,0.009000000000000001
40695813,V597I,0.009,"[0,520,[0,4,12,182,336,496,513,516,517,518,519],[1,1,1,1,1,1,1,1,0.233,0.961,0.247]]",0.08006056306383114,0.008900000000000005,0.009,0.009000000000000001
40695813,V597I,0.009,"[0,520,[0,4,12,182,336,496,513,516,517,518,519],[1,1,1,1,1,1,1,1,0.233,0.961,0.247]]",0.08006056306383114,0.008900000000000005,0.009,0.009000000000000001
40695813,V597I,0.009,"[0,520,[0,4,12,182,336,496,513,516,517,518,519],[1,1,1,1,1,1,1,1,0.233,0.961,0.247]]",0.08006056306383114,0.008900000000000005,0.009,0.009000000000000001
40695813,V597I,0.009,"[0,520,[0,4,12,182,336,496,513,516,517,518,519],[1,1,1,1,1,1,1,1,0.233,0.961,0.247]]",0.08006056306383114,0.008900000000000005,0.009,0.009000000000000001
40695813,V597I,0.009,"[0,520,[0,4,12,182,336,496,513,516,517,518,519],[1,1,1,1,1,1,1,1,0.233,0.961,0.247]]",0.08006056306383114,0.008900000000000005,0.009,0.009000000000000001
40695813,V597I,0.009,"[0,520,[0,4,12,182,336,496,513,516,517,518,519],[1,1,1,1,1,1,1,1,0.233,0.961,0.247]]",0.08006056306383114,0.008900000000000005,0.009,0.009000000000000001
40695813,V597I,0.009,"[0,520,[0,4,12,182,336,496,513,516,517,518,519],[1,1,1,1,1,1,1,1,0.233,0.961,0.247]]",0.08006056306383114,0.008900000000000005,0.009,0.009000000000000001
40695813,V597I,0.009,"[0,520,[0,4,12,182,336,496,513,516,517,518,519],[1,1,1,1,1,1,1,1,0.233,0.961,0.247]]",0.08006056306383114,0.008900000000000005,0.009,0.009000000000000001
40695813,V597I,0.009,"[0,520,[0,4,12,182,336,496,513,516,517,518,519],[1,1,1,1,1,1,1,1,0.233,0.961,0.247]]",0.08006056306383114,0.008900000000000005,0.009,0.009000000000000001
40695813,V597I,0.009,"[0,520,[0,4,12,182,336,496,513,516,517,518,519],[1,1,1,1,1,1,1,1,0.233,0.961,0.247]]",0.08006056306383114,0.008900000000000005,0.009,0.009000000000000001
40695813,V597I,0.009,"[0,520,[0,4,12,182,336,496,513,516,517,518,519],[1,1,1,1,1,1,1,1,0.233,0.961,0.247]]",0.08006056306383114,0.008900000000000005,0.009,0.009000000000000001
40695813,V597L,0.009,"[0,520,[0,4,12,197,348,496,513,516,517,518,519],[1,1,1,1,1,1,1,1,0.233,0.961,0.247]]",0.08006056306383114,0.009000000000000005,0.008999999999999998,0.009
40695813,V597L,0.009,"[0,520,[0,4,12,197,348,496,513,516,517,518,519],[1,1,1,1,1,1,1,1,0.233,0.961,0.247]]",0.08006056306383114,0.009000000000000005,0.008999999999999998,0.009
40695813,V597L,0.009,"[0,520,[0,4,12,197,348,496,513,516,517,518,519],[1,1,1,1,1,1,1,1,0.233,0.961,0.247]]",0.08006056306383114,0.009000000000000005,0.008999999999999998,0.009
40695813,V597L,0.009,"[0,520,[0,4,12,197,348,496,513,516,517,518,519],[1,1,1,1,1,1,1,1,0.233,0.961,0.247]]",0.08006056306383114,0.009000000000000005,0.008999999999999998,0.009
40695813,V597L,0.009,"[0,520,[0,4,12,197,348,496,513,516,517,518,519],[1,1,1,1,1,1,1,1,0.233,0.961,0.247]]",0.08006056306383114,0.009000000000000005,0.008999999999999998,0.009
40695813,V597L,0.009,"[0,520,[0,4,12,197,348,496,513,516,517,518,519],[1,1,1,1,1,1,1,1,0.233,0.961,0.247]]",0.08006056306383114,0.009000000000000005,0.008999999999999998,0.009
40695813,V597L,0.009,"[0,520,[0,4,12,197,348,496,513,516,517,518,519],[1,1,1,1,1,1,1,1,0.233,0.961,0.247]]",0.08006056306383114,0.009000000000000005,0.008999999999999998,0.009
40695813,V597L,0.009,"[0,520,[0,4,12,197,348,496,513,516,517,518,519],[1,1,1,1,1,1,1,1,0.233,0.961,0.247]]",0.08006056306383114,0.009000000000000005,0.008999999999999998,0.009
40695813,V597L,0.009,"[0,520,[0,4,12,197,348,496,513,516,517,518,519],[1,1,1,1,1,1,1,1,0.233,0.961,0.247]]",0.08006056306383114,0.009000000000000005,0.008999999999999998,0.009
40695813,V597L,0.009,"[0,520,[0,4,12,197,348,496,513,516,517,518,519],[1,1,1,1,1,1,1,1,0.233,0.961,0.247]]",0.08006056306383114,0.009000000000000005,0.008999999999999998,0.009
40695813,V597L,0.009,"[0,520,[0,4,12,197,348,496,513,516,517,518,519],[1,1,1,1,1,1,1,1,0.233,0.961,0.247]]",0.08006056306383114,0.009000000000000005,0.008999999999999998,0.009
40695813,V597L,0.009,"[0,520,[0,4,12,197,348,496,513,516,517,518,519],[1,1,1,1,1,1,1,1,0.233,0.961,0.247]]",0.08006056306383114,0.009000000000000005,0.008999999999999998,0.009
40695813,V597L,0.009,"[0,520,[0,4,12,197,348,496,513,516,517,518,519],[1,1,1,1,1,1,1,1,0.233,0.961,0.247]]",0.08006056306383114,0.009000000000000005,0.008999999999999998,0.009
40695813,V597L,0.009,"[0,520,[0,4,12,197,348,496,513,516,517,518,519],[1,1,1,1,1,1,1,1,0.233,0.961,0.247]]",0.08006056306383114,0.009000000000000005,0.008999999999999998,0.009
40695813,V597L,0.009,"[0,520,[0,4,12,197,348,496,513,516,517,518,519],[1,1,1,1,1,1,1,1,0.233,0.961,0.247]]",0.08006056306383114,0.009000000000000005,0.008999999999999998,0.009
40695813,V597L,0.009,"[0,520,[0,4,12,197,348,496,513,516,517,518,519],[1,1,1,1,1,1,1,1,0.233,0.961,0.247]]",0.08006056306383114,0.009000000000000005,0.008999999999999998,0.009
40695846,E608K,0.002,"[0,520,[0,4,81,241,396,505,513,516,517,518,519],[1,1,1,1,1,1,1,1,0.704,0.987,0.452]]",-0.006605370525607501,0.0020000000000000013,0.001999999999999997,0.0020000000000000005
40695867,R615C,0.991,"[0,520,[0,4,130,292,390,493,512,515,517,518,519],[1,1,1,1,1,1,1,1,0.0326,0.711,0.0584]]",0.9693850430267128,0.9909314285714284,0.9909999999999998,0.9910000000000001
40695882,S620G,0.002,"[0,520,[0,4,129,224,386,499,513,516,517,518,519],[1,1,1,1,1,1,1,1,0.704,0.987,0.452]]",-0.006605370525607501,0.0020000000000000013,0.001999999999999997,0.0020000000000000005
40695901,R626Q,0.856,"[0,520,[0,4,30,174,334,493,514,515,517,518,519],[1,1,1,1,1,1,1,1,0.067,0.832,0.0984]]",0.7688228050180855,0.8540000000000008,0.856,0.856
40695901,R626Q,0.993,"[0,520,[0,4,30,174,334,493,512,515,517,518,519],[1,1,1,1,1,1,1,1,0.0301,0.696,0.0553]]",0.971083903161249,0.9930800000000004,0.993,0.993
40695900,R626G,0.856,"[0,520,[0,4,25,172,344,493,514,515,517,518,519],[1,1,1,1,1,1,1,1,0.067,0.832,0.0984]]",0.7688228050180855,0.8523200000000009,0.856,0.856
40695900,R626G,0.993,"[0,520,[0,4,25,172,344,493,512,515,517,518,519],[1,1,1,1,1,1,1,1,0.0301,0.696,0.0553]]",0.971083903161249,0.9931333333333336,0.993,0.993
40695904,A627V,0.02,"[0,520,[1,6,93,320,439,495,513,516,517,518,519],[1,1,1,1,1,1,1,1,0.198,0.952,0.22]]",0.1085586604030131,0.018580000000000013,0.02,0.02
40695907,A628V,0.002,"[0,520,[0,4,55,232,410,495,513,516,517,518,519],[1,1,1,1,1,1,1,1,0.704,0.987,0.452]]",-0.01858183998808738,0.0021400000000000013,0.001999999999999997,0.0020000000000000005
40695913,V630G,0.59,"[0,520,[0,4,18,171,341,496,514,515,517,518,519],[1,1,1,1,1,1,1,1,0.0927,0.874,0.126]]",0.7536974696267305,0.5882599999999999,0.59,0.59
40695913,V630G,0.373,"[0,520,[0,4,18,171,341,496,513,516,517,518,519],[1,1,1,1,1,1,1,1,0.107,0.897,0.14]]",0.16437668172449305,0.35934,0.373,0.373
40695912,V630I,0.59,"[0,520,[0,4,17,195,353,496,514,515,517,518,519],[1,1,1,1,1,1,1,1,0.0927,0.874,0.126]]",0.7536974696267305,0.5875199999999999,0.59,0.59
40695912,V630I,0.373,"[0,520,[0,4,17,195,353,496,513,516,517,518,519],[1,1,1,1,1,1,1,1,0.107,0.897,0.14]]",0.16437668172449305,0.3693,0.373,0.373
40695922,A633G,0.728,"[0,520,[0,4,131,209,408,495,514,515,517,518,519],[1,1,1,1,1,1,1,1,0.0796,0.856,0.112]]",0.7493932717395756,0.6990000000000005,0.728,0.728
40695930,D636N,0.236,"[0,520,[0,4,160,221,400,501,513,516,517,518,519],[1,1,1,1,1,1,1,1,0.121,0.912,0.152]]",0.15780044894564305,0.22205500000000009,0.236,0.236
40695943,Q640R,0.031,"[0,520,[0,4,94,255,451,500,513,516,517,518,519],[1,1,1,1,1,1,1,1,0.181,0.947,0.205]]",0.12875542083905545,0.029459999999999993,0.031,0.031
40695958,Q645P,1,"[0,520,[0,4,113,301,447,500,512,515,517,518,519],[1,1,1,1,1,1,1,1,0.00026,0.00018,0.0109]]",0.9954159644429941,1,1,1
40695970,W649S,1,"[0,520,[0,4,43,296,417,509,512,515,517,518,519],[1,1,1,1,1,1,1,1,0.00026,0.00018,0.0109]]",0.9954159644429941,1,1,1
40696041,P673S,0.939,"[0,520,[0,4,139,318,436,497,514,515,517,518,519],[1,1,1,1,1,1,1,1,0.0562,0.8,0.0869]]",0.79582178099502,0.93038,0.939,0.939
40696050,R676W,0.984,"[0,520,[0,4,95,285,454,493,512,515,517,518,519],[1,1,1,1,1,1,1,1,0.0381,0.743,0.065]]",0.9657681149983453,0.9835266666666669,0.9839999999999998,0.9840000000000001
40696066,A681V,0.209,"[0,520,[0,4,141,263,411,495,513,516,517,518,519],[1,1,1,1,1,1,1,1,0.124,0.915,0.155]]",0.1441799212884507,0.20348833333333324,0.209,0.209
40696081,V686A,0.187,"[0,520,[0,4,51,272,477,496,513,516,517,518,519],[1,1,1,1,1,1,1,1,0.127,0.917,0.158]]",0.1545123325562181,0.1984799999999999,0.187,0.187
40696087,Q688R,0.001,"[0,520,[0,4,163,298,392,500,513,516,517,518,519],[1,1,1,1,1,1,1,1,0.852,0.994,0.514]]",-0.04058257321633263,0.0009800000000000006,0.000999999999999996,0.001
40696107,H695Y,0.822,"[0,520,[0,4,98,282,438,514,515,517,518,519],[1,1,1,1,1,1,1,0.0699,0.839,0.101]]",0.767397954582668,0.8152400000000003,0.8219999999999997,0.8220000000000001
40696133,Q703H,0.901,"[0,520,[0,4,73,227,452,500,514,515,517,518,519],[1,1,1,1,1,1,1,1,0.0625,0.818,0.0939]]",0.7712888923101543,0.8972000000000004,0.901,0.901
40696149,V709I,0.004,"[0,520,[0,4,159,290,394,496,513,516,517,518,519],[1,1,1,1,1,1,1,1,0.408,0.975,0.328]]",0.061349034855842755,0.004000000000000003,0.003999999999999997,0.004
40696152,L710V,0.083,"[0,520,[0,4,44,259,490,498,513,516,517,518,519],[1,1,1,1,1,1,1,1,0.152,0.933,0.181]]",0.14190788639675556,0.07984000000000005,0.083,0.083
40696165,R714M,0.991,"[0,520,[0,4,67,281,434,493,512,515,517,518,519],[1,1,1,1,1,1,1,1,0.0326,0.711,0.0584]]",0.9693850430267128,0.9908914285714283,0.9909999999999998,0.9910000000000001
40696178,Q718H,0.017,"[0,520,[0,4,164,234,478,500,513,516,517,518,519],[1,1,1,1,1,1,1,1,0.205,0.954,0.225]]",0.11779503287430548,0.01590000000000001,0.017,0.017
40696183,R720Q,0.001,"[0,520,[0,4,161,217,373,493,513,516,517,518,519],[1,1,1,1,1,1,1,1,0.852,0.994,0.514]]",-0.04058257321633263,0.0011000000000000007,0.000999999999999996,0.001
40696188,D722N,0.983,"[0,520,[2,5,102,239,412,501,512,515,517,518,519],[1,1,1,1,1,1,1,1,0.0387,0.745,0.0657]]",0.9651814546580613,0.9818799999999994,0.983,0.983
40696209,K729Q,0.91,"[0,520,[0,4,34,198,340,508,514,515,517,518,519],[1,1,1,1,1,1,1,1,0.0609,0.814,0.092]]",0.7723301291668055,0.9081999999999993,0.91,0.91
40696209,K729Q,0.009,"[0,520,[0,4,34,198,340,508,513,516,517,518,519],[1,1,1,1,1,1,1,1,0.233,0.961,0.247]]",0.10573860611308039,0.009000000000000005,0.008999999999999998,0.009
40696210,K729R,0.91,"[0,520,[0,4,23,188,335,508,514,515,517,518,519],[1,1,1,1,1,1,1,1,0.0609,0.814,0.092]]",0.7723301291668055,0.9081999999999997,0.91,0.91
40696210,K729R,0.009,"[0,520,[0,4,23,188,335,508,513,516,517,518,519],[1,1,1,1,1,1,1,1,0.233,0.961,0.247]]",0.10573860611308039,0.009000000000000005,0.008999999999999998,0.009
40696215,F731V,0.998,"[0,520,[0,4,115,283,376,507,512,515,517,518,519],[1,1,1,1,1,1,1,1,0.0112,0.273,0.0274]]",0.9863736443720753,0.9979999999999994,0.9979999999999996,0.9980000000000002
40696231,P736L,0.999,"[0,520,[0,4,125,275,379,497,512,515,517,518,519],[1,1,1,1,1,1,1,1,0.00574,0.136,0.0192]]",0.9908674034376228,0.9990000000000004,0.9989999999999998,0.9990000000000001
40696233,R737G,0.524,"[0,520,[1,5,8,168,331,494,514,515,517,518,519],[1,1,1,1,1,1,1,1,0.0959,0.882,0.128]]",0.7523983840687378,0.5235133333333338,0.524,0.524
40696233,R737G,0.312,"[0,520,[1,5,8,168,331,494,513,516,517,518,519],[1,1,1,1,1,1,1,1,0.112,0.904,0.144]]",0.1619815573700254,0.3099599999999998,0.312,0.312
40696233,R737G,0.008,"[0,520,[1,5,8,168,331,494,513,516,517,518,519],[1,1,1,1,1,1,1,1,0.239,0.963,0.252]]",0.10279546236037518,0.008000000000000005,0.008,0.008000000000000002
40696233,R737G,0.989,"[0,520,[1,5,8,168,331,494,512,515,517,518,519],[1,1,1,1,1,1,1,1,0.0346,0.723,0.0608]]",0.9678667497094251,0.9890514285714279,0.9889999999999995,0.9890000000000002
40696233,R737S,0.524,"[0,520,[1,5,8,166,330,494,514,515,517,518,519],[1,1,1,1,1,1,1,1,0.0959,0.882,0.128]]",0.7523983840687378,0.5235133333333338,0.524,0.524
40696233,R737S,0.312,"[0,520,[1,5,8,166,330,494,513,516,517,518,519],[1,1,1,1,1,1,1,1,0.112,0.904,0.144]]",0.1619815573700254,0.3099599999999998,0.312,0.312
40696233,R737S,0.008,"[0,520,[1,5,8,166,330,494,513,516,517,518,519],[1,1,1,1,1,1,1,1,0.239,0.963,0.252]]",0.10279546236037518,0.014080000000000002,0.008,0.008000000000000002
40696233,R737S,0.989,"[0,520,[1,5,8,166,330,494,512,515,517,518,519],[1,1,1,1,1,1,1,1,0.0346,0.723,0.0608]]",0.9678667497094251,0.9890514285714279,0.9889999999999995,0.9890000000000002
40696234,R737H,0.524,"[0,520,[0,4,10,165,332,494,514,515,517,518,519],[1,1,1,1,1,1,1,1,0.0959,0.882,0.128]]",0.7526014308302554,0.5328333333333338,0.524,0.524
40696234,R737H,0.312,"[0,520,[0,4,10,165,332,494,513,516,517,518,519],[1,1,1,1,1,1,1,1,0.112,0.904,0.144]]",0.16218460413154312,0.3150399999999998,0.312,0.312
40696234,R737H,0.008,"[0,520,[0,4,10,165,332,494,513,516,517,518,519],[1,1,1,1,1,1,1,1,0.239,0.963,0.252]]",0.1029985091218929,0.008160000000000006,0.008,0.008000000000000002
40696234,R737H,0.989,"[0,520,[0,4,10,165,332,494,512,515,517,518,519],[1,1,1,1,1,1,1,1,0.0346,0.723,0.0608]]",0.9680697964709427,0.9896314285714278,0.9889999999999995,0.9890000000000002
40696233,R737C,0.524,"[0,520,[1,5,8,167,329,494,514,515,517,518,519],[1,1,1,1,1,1,1,1,0.0959,0.882,0.128]]",0.7523983840687378,0.5235133333333338,0.524,0.524
40696233,R737C,0.312,"[0,520,[1,5,8,167,329,494,513,516,517,518,519],[1,1,1,1,1,1,1,1,0.112,0.904,0.144]]",0.1619815573700254,0.3099599999999998,0.312,0.312
40696233,R737C,0.008,"[0,520,[1,5,8,167,329,494,513,516,517,518,519],[1,1,1,1,1,1,1,1,0.239,0.963,0.252]]",0.10279546236037518,0.008000000000000005,0.008,0.008000000000000002
40696233,R737C,0.989,"[0,520,[1,5,8,167,329,494,512,515,517,518,519],[1,1,1,1,1,1,1,1,0.0346,0.723,0.0608]]",0.9678667497094251,0.9890514285714279,0.9889999999999995,0.9890000000000002
40696242,A740P,0.999,"[0,520,[0,4,127,226,448,495,512,515,517,518,519],[1,1,1,1,1,1,1,1,0.00574,0.136,0.0192]]",0.9788909339751429,0.9990000000000004,0.9989999999999998,0.9990000000000001
40696245,G741S,1,"[0,520,[0,4,77,324,430,494,512,515,517,518,519],[1,1,1,1,1,1,1,1,0.00026,0.00018,0.0109]]",0.9954159644429941,1,1,1
